{
  "summary": {
    "model_a_r2_within": 0.12413215867133998,
    "model_a_n": 430.0,
    "model_b_r2": 0.7564364687729384,
    "model_b_n": 477.0,
    "coef_a_shock": -0.0001248252171035796,
    "p_a_shock": 0.8874993521041858,
    "coef_a_interaction": -0.0005375236989525026,
    "p_a_interaction": 0.5962153663217087,
    "coef_b_did": -0.2501722652950449,
    "p_b_did": 0.8110492589681157
  },
  "diagnostics": {
    "bp_stat": 6.5970337725811,
    "bp_pvalue": 0.15877822952299447,
    "bp_f_stat": 1.6554792815510233,
    "bp_f_pvalue": 0.15943448200204888,
    "max_vif": 2.0410422154396803
  }
}