variable,vif
gas_import_shock_lag1,2.0410422154396803
shock_x_highdep_lag1,2.03566232714819
gdp_growth,1.338425548493845
imports_gdp,1.3541702648013745
